Título,Preço,Imagem,Link
Teclado Gamer Semi-mecânico RGB LED retroiluminado Computado,"R$63,74",https://ae-pic-a1.aliexpress-media.com/kf/A225f6ee62b994f8f8ccf117858f4f942Z.png_480x480.png_,https://pt.aliexpress.com/item/1005005364900433.html?algo_pvid=78976f60-15ef-4f07-a431-0667b8e0715c&algo_exp_id=78976f60-15ef-4f07-a431-0667b8e0715c-0&pdp_ext_f=%7B%22order%22%3A%221188%22%2C%22eval%22%3A%221%22%2C%22fromPage%22%3A%22search%22%7D&pdp_npi=6%40dis%21BRL%2199.99%2163.74%21%21%2199.99%2163.74%21%40210319b017740149831254961ebb44%2112000032754771804%21sea%21BR%210%21ABX%211%210%21n_tag%3A-29910%3Bd%3A5713c529%3Bm03_new_user%3A-29895%3BpisId%3A5000000202678795&curPageLogUid=BIswuDj2Dzmq&utparam-url=scene%3Asearch%7Cquery_from%3A%7Cx_object_id%3A1005005364900433%7C_p_origin_prod%3A
Teclado Gamer/ Escritório Com Fio RGB LED Iluminado Com 68 T,"R$119,59",https://ae-pic-a1.aliexpress-media.com/kf/A4db2861a19f24312b2ff2b4b3c8c31654.jpg_480x480q75.jpg_,https://pt.aliexpress.com/item/1005009413845816.html?algo_pvid=78976f60-15ef-4f07-a431-0667b8e0715c&algo_exp_id=78976f60-15ef-4f07-a431-0667b8e0715c-1&pdp_ext_f=%7B%22order%22%3A%22294%22%2C%22eval%22%3A%221%22%2C%22fromPage%22%3A%22search%22%7D&pdp_npi=6%40dis%21BRL%21132.88%21119.59%21%21%21132.88%21119.59%21%40210319b017740149831254961ebb44%2112000049024258597%21sea%21BR%210%21ABX%211%210%21n_tag%3A-29910%3Bd%3A5713c529%3Bm03_new_user%3A-29895&curPageLogUid=xrFm1wbr6mdN&utparam-url=scene%3Asearch%7Cquery_from%3A%7Cx_object_id%3A1005009413845816%7C_p_origin_prod%3A
AULA F75 Teclado Mecânico Sem Fio Hotswap Junta Teclado para,"R$426,49",https://ae-pic-a1.aliexpress-media.com/kf/Se002a3b2502b4627a3fa9262d5accbe6V.jpg_480x480q75.jpg_,https://pt.aliexpress.com/item/1005010266144769.html?algo_pvid=78976f60-15ef-4f07-a431-0667b8e0715c&algo_exp_id=78976f60-15ef-4f07-a431-0667b8e0715c-2&pdp_ext_f=%7B%22order%22%3A%22598%22%2C%22eval%22%3A%221%22%2C%22fromPage%22%3A%22search%22%7D&pdp_npi=6%40dis%21BRL%21929.21%21426.49%21%21%21163.77%2175.17%21%40210319b017740149831254961ebb44%2112000052052178525%21sea%21BR%210%21ABX%211%210%21n_tag%3A-29910%3Bd%3A5713c529%3Bm03_new_user%3A-29895%3BpisId%3A5000000202471816&curPageLogUid=B3PW7eDbLQPU&utparam-url=scene%3Asearch%7Cquery_from%3A%7Cx_object_id%3A1005010266144769%7C_p_origin_prod%3A
Teclado Mecânico Gamer AJAZZ AK820 / AK820Pro 75% 82 Teclas ,"R$133,79",https://ae-pic-a1.aliexpress-media.com/kf/S2d80138b7d2042a38a89831627aa62538.jpg_480x480q75.jpg_,https://pt.aliexpress.com/item/1005006845303247.html?algo_pvid=78976f60-15ef-4f07-a431-0667b8e0715c&algo_exp_id=78976f60-15ef-4f07-a431-0667b8e0715c-4&pdp_ext_f=%7B%22order%22%3A%227050%22%2C%22spu_best_type%22%3A%22price%22%2C%22eval%22%3A%221%22%2C%22fromPage%22%3A%22search%22%7D&pdp_npi=6%40dis%21BRL%21188.22%21133.79%21%21%21228.89%21162.70%21%40210319b017740149831254961ebb44%2112000046644092051%21sea%21BR%210%21ABX%211%210%21n_tag%3A-29910%3Bd%3A5713c529%3Bm03_new_user%3A-29895%3BpisId%3A5000000198050282&curPageLogUid=NLZxJnPuaeD8&utparam-url=scene%3Asearch%7Cquery_from%3A%7Cx_object_id%3A1005006845303247%7C_p_origin_prod%3A
Teclado único e teclado mouse RAIKU T26 Teclado luminoso de ,"R$51,47",https://ae-pic-a1.aliexpress-media.com/kf/S6b8ea630f95d473ab33a29391ccb3ed3D.jpg_480x480q75.jpg_,https://pt.aliexpress.com/item/1005008140859614.html?algo_pvid=78976f60-15ef-4f07-a431-0667b8e0715c&algo_exp_id=78976f60-15ef-4f07-a431-0667b8e0715c-5&pdp_ext_f=%7B%22order%22%3A%221675%22%2C%22spu_best_type%22%3A%22price%22%2C%22eval%22%3A%221%22%2C%22fromPage%22%3A%22search%22%7D&pdp_npi=6%40dis%21BRL%2171.71%2151.47%21%21%2187.21%2162.60%21%40210319b017740149831254961ebb44%2112000043963153646%21sea%21BR%210%21ABX%211%210%21n_tag%3A-29910%3Bd%3A5713c529%3Bm03_new_user%3A-29895%3BpisId%3A5000000200979660&curPageLogUid=7V15KeCbyja4&utparam-url=scene%3Asearch%7Cquery_from%3A%7Cx_object_id%3A1005008140859614%7C_p_origin_prod%3A
Aula win60he interruptor magnético teclado com fio win 60 he,"R$170,99",https://ae-pic-a1.aliexpress-media.com/kf/S6b03e83adf4a44a68f9ee651c0f73409w.png_480x480.png_,https://pt.aliexpress.com/item/1005009254969809.html?aem_p4p_detail=202603200656232595604546782660001577481&algo_pvid=78976f60-15ef-4f07-a431-0667b8e0715c&algo_exp_id=78976f60-15ef-4f07-a431-0667b8e0715c-7&pdp_ext_f=%7B%22order%22%3A%221694%22%2C%22spu_best_type%22%3A%22price%22%2C%22eval%22%3A%221%22%2C%22fromPage%22%3A%22search%22%7D&pdp_npi=6%40dis%21BRL%21348.96%21170.99%21%21%21424.37%21207.94%21%40210319b017740149831254961ebb44%2112000048492649909%21sea%21BR%210%21ABX%211%210%21n_tag%3A-29910%3Bd%3A5713c529%3Bm03_new_user%3A-29895&curPageLogUid=JerHjOInV6WZ&utparam-url=scene%3Asearch%7Cquery_from%3A%7Cx_object_id%3A1005009254969809%7C_p_origin_prod%3A&search_p4p_id=202603200656232595604546782660001577481_2
X68he ataque tubarão teclado magnético para jogos mecânico c,"R$199,12",https://ae-pic-a1.aliexpress-media.com/kf/Sa2aeb0760e444361b0472f6c2c7866116.jpg_480x480q75.jpg_,https://pt.aliexpress.com/item/1005008932625862.html?algo_pvid=78976f60-15ef-4f07-a431-0667b8e0715c&algo_exp_id=78976f60-15ef-4f07-a431-0667b8e0715c-8&pdp_ext_f=%7B%22order%22%3A%2212775%22%2C%22eval%22%3A%221%22%2C%22orig_sl_item_id%22%3A%221005008932625862%22%2C%22orig_item_id%22%3A%221005008813162763%22%2C%22fromPage%22%3A%22search%22%7D&pdp_npi=6%40dis%21BRL%21448.10%21199.12%21%21%21544.94%21242.16%21%40210319b017740149831254961ebb44%2112000047256289228%21sea%21BR%210%21ABX%211%210%21n_tag%3A-29910%3Bd%3A5713c529%3Bm03_new_user%3A-29895%3BpisId%3A5000000197827759&curPageLogUid=RZ3w5vPnMkNd&utparam-url=scene%3Asearch%7Cquery_from%3A%7Cx_object_id%3A1005008932625862%7C_p_origin_prod%3A1005008813162763
AULA HERO 68HE Teclado com interruptor magnético Gatilho ráp,"R$289,17",https://ae-pic-a1.aliexpress-media.com/kf/S05ed9b8de3974da1a04513a105da17d5F.jpg_480x480q75.jpg_,https://pt.aliexpress.com/item/1005008562471645.html?algo_pvid=78976f60-15ef-4f07-a431-0667b8e0715c&algo_exp_id=78976f60-15ef-4f07-a431-0667b8e0715c-9&pdp_ext_f=%7B%22order%22%3A%225137%22%2C%22spu_best_type%22%3A%22price%22%2C%22eval%22%3A%221%22%2C%22fromPage%22%3A%22search%22%7D&pdp_npi=6%40dis%21BRL%21672.07%21289.17%21%21%21118.45%2150.97%21%40210319b017740149831254961ebb44%2112000045740371213%21sea%21BR%210%21ABX%211%210%21n_tag%3A-29910%3Bd%3A5713c529%3Bm03_new_user%3A-29895%3BpisId%3A5000000200979660&curPageLogUid=zv4Aph7dwjZq&utparam-url=scene%3Asearch%7Cquery_from%3A%7Cx_object_id%3A1005008562471645%7C_p_origin_prod%3A
AULA HERO 68HE Teclado com interruptor magnético Gatilho ráp,"R$336,35",https://ae-pic-a1.aliexpress-media.com/kf/Ac39d133955ac461b9f39f0bbda3745a0S.jpg_480x480q75.jpg_,https://pt.aliexpress.com/item/1005009532626729.html?algo_pvid=78976f60-15ef-4f07-a431-0667b8e0715c&algo_exp_id=78976f60-15ef-4f07-a431-0667b8e0715c-10&pdp_ext_f=%7B%22order%22%3A%224874%22%2C%22spu_best_type%22%3A%22price%22%2C%22eval%22%3A%221%22%2C%22fromPage%22%3A%22search%22%7D&pdp_npi=6%40dis%21BRL%21724.56%21336.35%21%21%21127.70%2159.28%21%40210319b017740149831254961ebb44%2112000049481963761%21sea%21BR%210%21ABX%211%210%21n_tag%3A-29910%3Bd%3A5713c529%3Bm03_new_user%3A-29895%3BpisId%3A5000000202195032&curPageLogUid=piqmuXRwYBq3&utparam-url=scene%3Asearch%7Cquery_from%3A%7Cx_object_id%3A1005009532626729%7C_p_origin_prod%3A
Ataque tubarão k86 teclado mecânico sem fio botão de metal e,"R$335,52",https://ae-pic-a1.aliexpress-media.com/kf/S30908ae97610464898c290779b60d50cR.jpg_480x480q75.jpg_,https://pt.aliexpress.com/item/1005009347086865.html?aem_p4p_detail=202603200656232595604546782660001577481&algo_pvid=78976f60-15ef-4f07-a431-0667b8e0715c&algo_exp_id=78976f60-15ef-4f07-a431-0667b8e0715c-11&pdp_ext_f=%7B%22order%22%3A%2281%22%2C%22eval%22%3A%221%22%2C%22fromPage%22%3A%22search%22%7D&pdp_npi=6%40dis%21BRL%21685.05%21335.52%21%21%21833.09%21408.03%21%40210319b017740149831254961ebb44%2112000048826212400%21sea%21BR%210%21ABX%211%210%21n_tag%3A-29910%3Bd%3A5713c529%3Bm03_new_user%3A-29895%3BpisId%3A5000000197827759&curPageLogUid=N6VZ9YoNwPqd&utparam-url=scene%3Asearch%7Cquery_from%3A%7Cx_object_id%3A1005009347086865%7C_p_origin_prod%3A&search_p4p_id=202603200656232595604546782660001577481_3
Ajazz ak820 teclado mecânico com fio usb 75% junta de luz br,"R$154,87",https://ae-pic-a1.aliexpress-media.com/kf/Sb4d3e7c311584c109ee49f3cbbaf751cY.jpg_480x480q75.jpg_,https://pt.aliexpress.com/item/1005007097401212.html?algo_pvid=78976f60-15ef-4f07-a431-0667b8e0715c&algo_exp_id=78976f60-15ef-4f07-a431-0667b8e0715c-12&pdp_ext_f=%7B%22order%22%3A%222943%22%2C%22eval%22%3A%221%22%2C%22fromPage%22%3A%22search%22%7D&pdp_npi=6%40dis%21BRL%21364.30%21154.87%21%21%21443.02%21188.33%21%40210319b017740149831254961ebb44%2112000039394826049%21sea%21BR%210%21ABX%211%210%21n_tag%3A-29910%3Bd%3A5713c529%3Bm03_new_user%3A-29895%3BpisId%3A5000000200979660&curPageLogUid=XDIIr99XGFld&utparam-url=scene%3Asearch%7Cquery_from%3A%7Cx_object_id%3A1005007097401212%7C_p_origin_prod%3A
Akko MonsGeek FUN60 Teclado Mecânico Interruptor Magnético 6,"R$137,95",https://ae-pic-a1.aliexpress-media.com/kf/S1b294395d51d414880370095d4dcaae4Q.jpg_480x480q75.jpg_,https://pt.aliexpress.com/item/1005008252434511.html?algo_pvid=78976f60-15ef-4f07-a431-0667b8e0715c&algo_exp_id=78976f60-15ef-4f07-a431-0667b8e0715c-14&pdp_ext_f=%7B%22order%22%3A%2223440%22%2C%22spu_best_type%22%3A%22price%22%2C%22eval%22%3A%221%22%2C%22fromPage%22%3A%22search%22%7D&pdp_npi=6%40dis%21BRL%21362.40%21137.95%21%21%21440.72%21167.77%21%40210319b017740149831254961ebb44%2112000044398901719%21sea%21BR%210%21ABX%211%210%21n_tag%3A-29910%3Bd%3A5713c529%3Bm03_new_user%3A-29895%3BpisId%3A5000000198050282&curPageLogUid=zc6fzEIe53jQ&utparam-url=scene%3Asearch%7Cquery_from%3A%7Cx_object_id%3A1005008252434511%7C_p_origin_prod%3A
